{
  "mean": [
    54.45474976944209,
    119.49909701321266,
    84.83270440321817,
    108.2040065051288,
    38.414907393602896,
    1.0225
  ],
  "scale": [
    20.959972959283633,
    34.52817568498717,
    8.626734465456687,
    40.254456340345264,
    1.9613002959120385,
    0.8113222232873889
  ],
  "feature_names": [
    "age",
    "systolic_bp",
    "spo2",
    "heart_rate",
    "temperature",
    "condition"
  ]
}